,DA_FB_Ht_2,DA_FB_Ht_20,DA_FB_Ht_40,DA_FB_Ht_80,DA_Ran_Ht_2,DA_Ran_Ht_20,DA_Ran_Ht_40,DA_Ran_Ht_80,DA_Reg_Ht_2,DA_Reg_Ht_20,DA_Reg_Ht_40,DA_Reg_Ht_80,DA_USPG_Ht_2,DA_USPG_Ht_20,DA_USPG_Ht_40,DA_USPG_Ht_80,ecc_clo_FB_Ht_2,ecc_clo_FB_Ht_20,ecc_clo_FB_Ht_40,ecc_clo_FB_Ht_80,ecc_clo_Ran_Ht_2,ecc_clo_Ran_Ht_20,ecc_clo_Ran_Ht_40,ecc_clo_Ran_Ht_80,ecc_clo_Reg_Ht_2,ecc_clo_Reg_Ht_20,ecc_clo_Reg_Ht_40,ecc_clo_Reg_Ht_80,ecc_clo_USPG_Ht_2,ecc_clo_USPG_Ht_20,ecc_clo_USPG_Ht_40,ecc_clo_USPG_Ht_80,lpsi_FB_Ht_2,lpsi_FB_Ht_20,lpsi_FB_Ht_40,lpsi_FB_Ht_80,lpsi_Ran_Ht_2,lpsi_Ran_Ht_20,lpsi_Ran_Ht_40,lpsi_Ran_Ht_80,lpsi_Reg_Ht_2,lpsi_Reg_Ht_20,lpsi_Reg_Ht_40,lpsi_Reg_Ht_80,lpsi_USPG_Ht_2,lpsi_USPG_Ht_20,lpsi_USPG_Ht_40,lpsi_USPG_Ht_80,mdl_FB_Ht_2,mdl_FB_Ht_20,mdl_FB_Ht_40,mdl_FB_Ht_80,mdl_Ran_Ht_2,mdl_Ran_Ht_20,mdl_Ran_Ht_40,mdl_Ran_Ht_80,mdl_Reg_Ht_2,mdl_Reg_Ht_20,mdl_Reg_Ht_40,mdl_Reg_Ht_80,mdl_USPG_Ht_2,mdl_USPG_Ht_20,mdl_USPG_Ht_40,mdl_USPG_Ht_80
1,1,1,1,3,0,0,3,4,1,1,3,4,2,5,13,14,1,1,3,2,0,0,4,4,0,0,2,7,2,1,1,4,1,2,4,1,1,2,3,4,3,4,4,1,2,13,15,14,2,2,2,4,3,4,5,5,3,1,3,4,5,5,5,18
2,1,1,2,3,0,1,2,3,0,0,1,1,4,8,11,10,1,1,2,2,0,0,2,4,0,0,0,7,1,6,4,14,2,2,4,2,1,2,3,4,0,4,1,4,5,13,10,24,2,2,2,4,3,4,4,5,0,0,1,1,2,12,1,16
3,1,1,2,1,0,1,4,3,0,2,1,2,4,10,14,18,1,1,2,3,0,0,0,4,0,1,0,5,2,9,6,8,2,2,4,4,1,3,4,2,1,3,2,2,1,14,14,15,2,2,2,4,2,2,4,5,0,3,1,3,0,5,6,13
4,1,1,1,3,1,1,3,4,1,0,1,3,3,15,20,19,1,1,3,1,0,0,3,4,0,0,2,7,1,7,11,4,1,2,4,3,2,2,1,5,1,2,1,5,3,11,21,16,1,2,2,3,3,4,4,6,1,0,1,2,4,12,17,14
5,1,1,2,3,0,1,1,4,1,1,0,4,11,5,17,16,1,1,2,2,0,0,1,2,1,1,1,6,7,4,8,12,2,2,4,2,2,3,3,5,1,3,4,8,7,11,13,9,2,2,2,4,3,4,5,5,1,2,0,4,1,7,14,21
6,1,1,1,1,0,1,2,4,0,2,2,3,6,7,4,15,1,1,3,2,0,0,2,4,0,0,3,6,5,6,5,9,0,2,4,4,1,3,4,5,2,3,6,6,2,13,6,20,2,2,2,2,3,4,5,5,1,2,2,3,3,14,9,21
7,1,2,2,3,0,1,3,4,2,2,4,2,7,8,15,19,1,1,1,2,0,0,0,3,0,0,0,9,5,4,7,5,2,2,2,4,2,1,2,5,2,3,4,3,3,8,14,17,2,2,2,4,3,4,3,5,2,2,4,2,4,9,12,17
8,1,1,2,1,0,0,3,2,1,1,3,3,7,10,22,14,1,1,2,3,0,0,0,4,0,0,5,6,5,9,10,6,2,2,4,4,1,3,4,4,1,1,5,7,4,14,20,19,2,2,2,2,2,4,5,4,1,1,3,3,5,18,18,11
9,1,1,1,4,0,1,2,4,1,1,1,5,3,10,16,19,1,1,1,3,0,0,3,4,0,1,1,7,1,7,7,7,2,2,3,4,2,2,4,4,1,4,3,7,3,7,13,16,2,2,2,2,3,4,4,5,1,1,1,5,5,8,11,13
10,1,1,1,1,0,2,1,4,0,1,1,2,6,8,26,16,1,1,1,3,0,0,2,4,0,0,0,7,5,8,14,9,2,2,3,4,1,1,3,5,1,1,4,2,0,10,16,12,2,2,2,2,2,4,4,5,0,1,1,2,1,5,16,22
11,1,1,2,4,0,0,3,5,0,2,3,2,1,4,13,19,1,1,1,2,0,0,0,4,0,0,0,6,1,4,3,9,2,2,4,5,1,1,4,5,1,3,5,7,3,6,10,17,2,2,2,4,3,4,5,3,1,2,3,2,4,9,12,17
12,1,2,1,3,0,1,2,5,0,2,2,4,4,13,19,24,1,1,3,1,0,0,2,4,0,0,1,7,4,5,12,10,1,2,4,4,2,3,4,5,3,5,2,7,1,10,13,19,2,2,2,2,2,4,4,4,3,2,2,4,0,11,15,9
13,1,2,1,3,0,0,3,3,1,0,1,6,2,15,23,15,1,1,3,2,0,0,0,3,0,0,0,6,2,8,11,8,2,2,2,4,1,3,4,5,2,0,3,4,7,11,12,22,2,2,2,2,3,3,4,6,1,0,1,6,8,7,12,21
14,1,1,2,3,1,0,2,5,1,1,1,4,6,10,14,19,1,1,2,1,0,0,3,5,0,0,0,7,5,8,6,8,0,2,3,4,2,3,3,5,1,2,4,6,10,12,11,17,2,2,3,2,3,3,4,5,1,2,1,4,9,3,7,14
15,1,1,2,4,0,0,4,4,1,1,1,7,7,12,19,19,1,1,2,2,0,0,3,3,0,0,1,6,6,7,10,10,0,2,3,4,2,3,5,5,2,4,1,6,5,12,12,21,2,2,3,4,3,4,5,4,1,1,1,7,6,10,12,25
16,1,1,1,3,1,0,2,4,1,2,1,5,4,14,13,26,1,1,1,1,0,0,2,4,0,0,5,5,4,12,2,11,2,2,3,3,2,2,3,5,1,2,5,5,6,12,15,17,2,2,2,3,3,4,3,6,1,2,1,5,1,12,14,12
17,0,3,3,3,1,1,3,3,0,3,5,1,5,16,20,20,1,1,2,1,0,0,1,3,0,0,0,6,1,6,9,12,0,2,4,3,0,3,3,4,0,5,5,6,5,10,18,22,1,2,2,3,3,4,4,5,0,3,5,1,6,11,9,18
18,1,4,2,1,0,0,2,4,0,0,2,7,2,6,19,22,1,2,2,3,0,0,0,4,0,1,0,6,2,5,6,8,1,3,2,4,2,3,4,5,2,3,2,4,4,17,11,9,2,2,2,2,3,4,5,5,2,3,2,7,2,11,15,10
19,1,2,2,3,0,0,2,4,1,2,2,6,4,13,14,12,1,2,2,1,0,0,0,4,1,0,1,8,3,7,4,9,2,3,4,3,2,3,1,4,3,3,5,5,8,14,14,20,2,3,2,3,2,4,4,4,2,2,2,6,9,13,9,24
20,1,2,2,3,0,1,1,3,0,3,1,2,1,9,19,17,1,1,2,2,0,0,3,4,0,1,0,6,1,6,10,7,2,2,4,4,0,3,3,4,1,5,2,2,4,2,12,14,2,2,2,2,1,4,5,4,1,1,1,2,5,5,8,12
21,1,2,2,3,0,0,3,3,1,1,0,3,3,14,17,9,1,1,2,1,0,0,2,4,0,0,0,7,2,7,7,7,0,3,2,3,0,2,5,5,3,4,4,4,4,11,18,20,2,2,2,3,3,3,5,5,0,1,0,3,5,6,6,20
22,1,1,1,3,0,1,1,4,0,1,1,5,4,9,15,23,1,1,1,2,0,0,0,4,0,1,0,8,4,9,9,10,1,2,3,4,2,3,4,4,1,1,2,5,4,11,19,21,2,2,2,2,3,3,3,4,1,1,1,5,5,14,7,12
23,1,4,1,2,2,0,2,3,0,1,2,3,6,11,12,18,1,3,1,2,0,0,0,4,1,1,1,2,2,9,6,16,1,2,3,4,1,1,4,5,2,4,3,6,9,16,16,11,1,2,2,3,3,4,4,4,2,2,2,3,4,13,9,15
24,1,1,2,3,0,0,2,2,0,7,2,1,5,6,11,16,1,2,2,1,0,0,0,5,0,2,1,8,5,2,1,9,0,2,1,3,2,3,4,5,3,2,5,2,4,7,5,20,2,2,2,4,3,2,4,4,1,7,2,1,5,9,6,6
25,1,1,2,3,0,0,1,4,0,0,0,4,8,9,17,6,1,1,2,2,0,0,1,3,1,1,0,8,7,8,13,13,0,2,4,4,1,3,4,4,2,1,1,4,5,17,16,19,2,2,2,2,3,2,4,4,1,0,0,4,3,4,15,7
26,1,1,1,3,0,1,1,3,0,0,1,2,5,9,15,21,1,1,3,1,0,0,0,4,1,0,1,7,2,5,12,20,2,2,4,3,0,3,4,5,1,1,2,2,3,14,26,21,2,2,2,3,3,3,5,4,1,0,2,2,4,13,8,15
27,1,2,2,1,0,1,2,3,0,2,4,6,3,14,20,14,1,2,2,3,0,0,1,4,0,0,0,5,2,6,8,15,2,2,4,4,1,2,3,4,1,3,4,5,5,10,8,26,1,2,2,2,2,3,4,5,1,3,4,1,6,11,9,20
28,1,3,3,3,1,1,2,3,2,4,2,1,1,15,18,4,1,1,2,2,1,0,0,5,1,0,1,7,1,13,9,6,1,2,4,2,3,2,2,5,1,3,2,3,4,18,17,16,2,2,0,2,4,3,3,5,1,4,2,1,5,16,3,10
29,1,5,1,3,0,0,3,4,0,0,1,2,1,10,19,13,1,3,1,2,0,0,3,4,0,0,1,8,2,7,12,6,2,2,2,4,1,3,3,5,1,3,2,7,2,7,14,4,2,2,2,2,3,4,4,5,0,0,1,2,3,11,16,18
30,1,2,4,3,0,0,2,3,1,1,2,1,0,9,13,15,1,1,4,1,0,0,3,3,1,0,1,9,1,2,5,13,1,2,2,3,0,2,4,4,2,1,5,2,4,6,7,11,1,2,2,3,2,4,5,3,2,1,2,1,5,10,9,16
31,1,2,2,3,0,1,3,4,1,1,1,3,4,9,17,15,2,1,2,1,0,0,2,4,0,0,1,6,4,7,8,12,1,3,2,4,2,2,4,4,1,3,2,3,7,6,0,9,2,3,2,2,3,2,5,5,2,1,2,3,6,7,1,13
32,1,2,1,1,0,1,3,4,0,3,0,1,5,12,17,14,1,1,2,2,0,0,3,4,0,1,0,2,5,9,5,8,2,2,4,3,1,2,4,4,0,4,4,5,5,12,9,19,2,2,2,2,2,4,3,5,0,3,0,1,1,8,9,20
33,1,2,2,4,0,1,2,2,0,1,1,3,5,16,14,23,1,1,2,2,0,0,1,4,0,0,1,7,4,12,5,6,1,3,4,6,2,2,3,5,2,2,4,6,8,7,7,14,2,3,2,2,3,4,4,3,1,2,1,3,2,8,9,18
34,1,2,1,1,0,0,1,4,0,0,1,0,7,7,21,2,1,1,3,2,0,0,0,4,0,0,1,9,5,6,12,17,2,2,2,4,1,3,4,3,1,1,1,2,11,12,14,28,2,2,2,2,3,4,5,4,1,0,1,0,2,7,16,5
35,1,3,2,3,0,0,3,4,0,2,1,2,5,10,14,10,1,1,2,2,0,0,3,4,0,0,2,2,2,5,4,13,2,4,2,4,2,2,3,5,2,4,1,2,4,11,14,27,2,2,2,2,2,3,4,6,1,2,1,2,2,11,14,16
36,1,1,2,4,0,2,1,3,2,1,2,1,9,8,2,22,2,1,2,2,0,1,0,4,0,1,4,8,8,7,13,8,2,2,4,5,2,3,4,4,3,2,4,7,3,5,25,19,2,2,2,2,3,4,4,4,3,2,2,1,4,6,7,14
37,1,1,2,3,1,0,2,4,1,3,1,5,5,12,19,15,1,1,2,2,0,0,0,4,1,1,3,4,5,4,7,13,2,2,2,4,1,3,4,4,2,6,2,5,5,10,18,12,2,2,2,4,3,4,5,5,1,4,1,5,6,11,14,10
38,1,2,1,3,0,1,2,4,1,1,3,1,5,8,16,17,1,2,1,2,0,0,3,4,0,1,1,6,3,6,9,8,1,2,4,3,1,2,4,5,2,1,3,2,8,12,16,10,2,2,2,3,3,2,5,4,2,1,3,1,4,8,9,9
39,1,2,2,3,0,1,3,4,1,1,1,5,2,25,5,28,1,1,2,2,0,0,3,3,1,0,1,9,0,17,3,14,2,2,2,3,1,4,3,4,1,1,4,6,5,16,7,26,2,3,2,3,3,4,4,5,1,0,1,5,2,17,10,22
40,0,3,2,3,0,1,1,3,2,2,0,0,4,13,17,19,1,1,2,1,0,0,2,2,1,1,0,2,3,5,8,18,1,2,4,3,1,3,3,4,2,3,2,0,7,7,17,12,1,2,2,3,2,4,3,5,2,3,0,0,1,9,7,12
41,1,1,1,3,1,0,2,4,0,0,3,5,3,10,18,17,1,1,3,1,0,0,0,3,0,0,2,5,1,5,10,14,2,2,4,4,0,2,4,4,1,4,2,5,4,9,11,10,2,2,2,2,1,4,3,4,1,2,3,5,4,10,13,12
42,1,3,5,3,0,1,2,4,1,4,1,2,1,11,12,17,2,1,4,2,0,0,0,5,1,1,1,8,1,10,7,5,0,2,2,3,0,3,3,5,1,4,3,2,4,12,14,19,2,2,2,4,3,1,5,5,1,4,1,2,4,14,14,11
43,1,1,2,3,0,1,1,3,1,0,0,3,3,9,9,15,1,1,2,1,0,0,0,4,0,0,2,7,2,4,8,12,1,2,4,3,1,3,3,5,2,3,0,5,6,16,16,9,2,2,2,2,3,4,5,5,1,2,0,3,7,9,9,17
44,1,2,2,3,1,0,2,4,1,2,2,1,6,7,21,17,1,2,2,4,0,0,2,2,0,1,3,6,4,2,8,8,2,2,4,4,1,1,3,4,1,3,2,8,7,9,12,14,2,2,2,2,3,3,4,5,1,3,2,1,7,6,3,14
45,0,1,2,3,1,0,3,3,3,1,0,3,3,13,14,11,0,1,2,2,0,0,0,4,1,1,0,9,3,6,5,5,0,3,4,4,2,2,4,4,4,2,1,8,4,13,11,6,1,3,2,2,3,3,4,4,4,2,0,3,3,8,9,18
46,1,2,3,1,1,1,3,3,0,1,2,6,3,9,14,22,1,2,1,3,1,0,0,4,0,0,3,8,2,5,4,12,1,2,3,4,2,2,4,4,2,3,5,8,1,13,16,23,2,2,2,2,3,4,5,5,2,1,2,6,5,12,11,13
47,1,3,1,6,0,1,3,4,1,1,1,4,1,3,4,17,1,2,1,4,0,0,3,2,0,0,2,9,3,13,13,8,2,2,4,7,2,1,4,5,0,1,2,3,3,17,24,20,2,2,2,2,2,3,5,5,0,1,1,4,3,5,7,23
48,1,1,2,3,0,0,1,4,0,2,1,4,7,8,14,16,1,1,2,1,0,0,4,4,0,0,2,8,5,1,8,9,1,2,3,3,1,3,4,3,0,3,1,7,1,8,16,20,2,2,3,2,2,4,4,4,0,2,1,4,2,7,13,16
49,1,1,2,3,1,0,1,3,0,1,0,1,5,10,25,10,1,1,2,2,0,0,1,4,0,1,4,6,2,4,13,6,1,2,4,4,0,2,4,5,2,5,4,4,2,12,15,20,2,2,2,2,1,3,5,4,0,1,0,1,8,4,6,11
50,1,3,2,2,1,0,0,4,0,2,2,2,7,11,14,8,1,1,2,2,0,0,0,4,0,2,1,6,4,9,14,7,2,2,2,4,2,2,2,4,3,6,0,4,9,10,26,16,2,2,2,3,2,3,4,5,1,1,2,2,10,12,11,5
51,1,2,1,3,1,2,2,4,0,0,2,3,2,5,15,23,1,2,3,2,0,0,2,4,0,0,0,4,3,4,6,9,2,2,4,4,1,1,4,5,1,0,1,6,1,9,12,17,2,2,2,3,2,2,4,5,1,0,2,3,6,8,16,18
52,0,1,4,2,1,0,3,4,3,1,0,2,1,12,16,13,1,1,3,1,0,0,0,3,1,0,0,6,1,5,7,4,1,2,2,3,2,2,2,3,6,1,4,4,4,9,13,7,1,2,2,3,2,3,3,4,3,1,0,2,5,5,13,12
53,1,1,1,1,1,1,3,4,1,1,2,2,3,7,13,31,1,1,3,2,0,0,0,4,1,0,0,7,5,6,4,17,1,2,4,4,2,3,3,4,1,1,3,5,5,9,7,29,2,2,2,2,0,4,5,5,1,1,3,2,3,8,12,20
54,1,1,2,4,1,2,2,4,1,1,1,3,1,10,12,25,1,1,2,2,0,0,0,4,1,0,0,8,0,7,11,8,1,2,2,4,1,1,4,5,0,1,6,1,3,10,21,20,1,2,2,2,3,3,5,6,0,1,1,3,6,13,18,20
55,1,1,1,1,1,1,2,4,0,1,5,1,4,11,11,14,1,1,1,2,0,0,4,4,0,0,2,6,3,8,6,3,1,2,3,4,2,3,4,4,0,3,5,6,2,11,16,17,2,2,3,2,3,3,5,5,0,1,5,1,5,4,16,10
56,2,4,1,3,1,1,2,4,1,1,2,6,1,14,19,21,2,2,1,4,0,0,0,3,1,0,3,7,1,7,11,12,1,2,3,4,1,1,3,4,4,2,3,6,5,1,12,22,2,2,2,2,1,3,3,5,2,1,2,6,6,2,14,17
57,0,1,3,1,1,0,2,4,1,1,0,1,5,15,16,19,1,1,2,2,1,0,3,3,0,0,0,7,2,9,9,11,0,2,2,4,3,3,1,4,2,4,0,5,6,16,10,23,1,2,2,2,4,2,5,5,1,2,0,1,3,9,8,19
58,1,1,2,4,0,0,2,1,0,3,1,0,4,18,14,18,1,1,2,2,0,0,3,3,0,0,0,5,3,11,6,6,0,2,2,4,1,1,4,4,0,3,3,7,8,1,11,16,1,2,2,4,3,2,5,5,0,3,2,0,3,10,15,11
59,1,1,1,1,0,0,4,4,0,0,1,4,8,8,17,16,2,1,3,2,0,0,4,4,0,0,1,8,4,4,6,12,2,2,4,4,1,3,5,3,2,2,5,6,10,15,9,22,2,2,2,2,3,4,5,4,0,0,2,4,2,13,10,16
60,0,2,2,1,0,0,3,5,1,5,0,3,2,12,15,12,1,2,2,3,0,0,3,4,0,1,1,5,3,7,9,10,1,3,4,4,1,2,4,2,1,5,4,4,5,11,10,22,1,2,2,2,2,4,3,3,1,5,0,3,5,8,11,19
61,1,1,5,2,1,1,2,4,0,1,1,5,7,11,12,13,1,1,4,1,0,0,1,4,0,0,1,7,2,5,4,12,2,2,2,3,1,4,2,5,1,3,0,5,10,9,10,7,0,2,2,3,2,4,3,6,1,0,1,5,1,8,11,14
62,1,1,1,3,0,1,1,3,0,0,1,3,7,14,18,17,1,1,1,4,0,0,0,4,0,0,1,8,6,6,10,9,2,2,2,4,1,3,3,4,2,1,4,7,0,11,18,14,2,2,2,2,2,4,5,5,0,0,1,3,1,14,10,22
63,1,1,3,3,0,0,3,3,0,3,0,2,2,13,14,18,1,1,2,1,0,0,0,3,0,0,8,7,1,7,5,12,2,2,2,3,0,3,3,4,2,4,0,5,3,15,12,15,2,2,2,3,3,2,4,5,1,3,4,2,4,8,10,19
64,2,1,3,3,1,2,2,4,2,1,1,2,0,8,19,16,1,1,2,2,0,0,0,4,1,1,0,8,0,5,9,8,2,2,2,2,1,3,3,4,2,1,4,2,4,10,17,6,2,2,2,4,3,4,4,5,2,1,2,2,5,13,8,7
65,1,3,2,3,0,0,3,2,2,1,2,2,9,6,18,16,1,1,2,4,0,0,2,4,1,1,1,5,7,1,8,11,2,2,2,2,0,3,4,3,3,4,4,8,6,7,18,19,2,2,2,4,2,3,4,4,3,2,2,2,11,6,10,22
66,1,1,1,5,1,2,3,3,2,1,3,3,4,14,17,19,1,1,2,4,1,1,3,2,0,0,2,7,4,4,6,10,2,2,4,2,0,3,4,4,4,1,3,4,1,13,13,16,2,2,2,2,0,3,5,5,3,1,3,3,0,8,10,14
67,1,2,2,3,0,0,3,4,1,0,0,3,5,14,15,26,1,1,2,1,0,0,3,4,0,0,1,8,3,6,6,10,2,2,4,3,0,2,4,4,2,4,4,3,6,13,12,23,2,2,2,4,3,4,5,5,2,0,0,3,4,9,17,9
68,1,1,2,4,0,0,3,3,1,1,2,2,3,1,15,15,1,1,1,4,0,0,4,4,0,0,0,7,4,5,7,6,1,2,4,6,2,2,3,4,1,3,0,3,6,6,14,19,1,2,2,2,3,4,4,4,1,1,2,2,7,9,11,13
69,1,1,1,3,1,0,3,3,2,0,1,2,5,8,23,17,1,1,3,1,0,0,3,4,2,0,1,3,3,5,9,8,1,2,2,5,1,3,4,4,4,1,3,3,6,12,12,14,2,2,2,3,1,4,4,4,3,0,2,2,6,13,10,11
70,1,2,1,3,0,0,1,4,1,0,3,2,6,12,13,14,1,1,1,2,0,0,3,5,0,1,6,6,3,11,4,6,1,2,4,4,0,1,3,4,3,3,2,6,5,7,13,20,2,2,2,2,3,3,4,4,2,0,3,2,5,8,9,20
71,0,1,1,1,0,1,2,4,2,1,1,5,14,8,14,20,1,1,3,3,0,0,0,3,1,1,0,8,9,3,5,19,1,2,4,3,2,2,3,4,3,2,4,5,17,12,11,17,1,2,2,2,3,4,3,5,3,2,1,5,14,12,9,23
72,1,1,2,4,1,0,3,3,0,0,1,1,4,10,26,11,1,1,2,2,0,0,2,3,0,0,2,7,1,4,16,11,1,2,4,6,1,3,3,4,1,3,3,1,3,3,16,15,2,2,2,2,3,4,4,5,0,1,1,1,6,6,12,20
73,3,1,1,2,1,1,1,4,0,0,0,5,1,14,17,19,2,1,3,1,0,0,1,4,0,0,1,8,1,12,7,7,2,2,2,3,1,0,3,4,0,0,6,7,4,15,16,17,2,2,2,3,3,3,4,5,0,0,0,5,5,4,9,10
74,3,1,1,3,1,2,3,4,2,2,0,1,7,11,15,17,2,1,3,1,0,0,0,4,1,0,0,5,5,10,7,7,2,2,4,4,2,3,5,5,3,6,4,1,7,10,18,14,2,2,2,2,3,4,5,5,3,2,1,1,8,10,13,14
75,1,2,5,4,1,1,1,3,1,1,2,4,4,13,16,20,1,1,4,2,0,0,1,4,0,0,7,8,2,7,9,14,1,2,2,4,1,3,2,5,1,6,4,7,5,13,19,24,2,2,2,2,3,3,4,4,1,1,2,4,3,5,7,18
76,1,1,2,1,0,0,1,4,1,2,0,0,2,12,15,8,1,1,2,3,0,0,0,4,1,0,0,8,4,6,5,11,2,2,3,4,0,3,4,4,4,2,1,2,4,10,5,25,2,2,3,2,3,4,4,5,1,2,0,0,5,10,6,14
77,1,2,1,3,0,0,1,4,3,1,2,2,4,13,13,14,1,2,1,2,0,0,0,2,2,0,2,8,3,5,13,11,2,2,4,4,2,4,3,4,7,2,2,7,0,15,13,23,2,2,2,2,2,4,4,5,4,1,2,2,1,9,18,12
78,0,1,1,3,1,1,4,4,1,1,3,1,2,10,12,9,1,1,1,2,0,1,0,4,1,1,2,7,4,9,12,5,0,2,3,4,0,3,2,5,2,1,4,2,5,10,21,18,1,2,2,4,1,4,3,5,1,1,3,1,6,11,5,17
79,1,2,2,3,1,1,3,3,0,2,1,7,3,7,17,19,1,2,2,1,0,0,0,4,0,0,1,5,3,0,9,17,1,2,2,4,1,3,4,3,1,3,6,6,5,6,8,12,2,2,2,2,3,4,4,3,1,2,1,7,3,7,15,14
80,1,1,2,2,0,0,2,4,0,2,2,0,3,16,16,7,1,1,1,2,0,0,0,4,0,1,1,7,1,12,4,13,1,2,2,3,2,0,2,5,1,5,3,5,5,1,15,23,2,2,2,2,3,4,3,5,1,2,2,0,4,2,9,13
81,3,1,3,1,1,0,3,3,0,0,0,2,7,9,18,8,2,1,3,3,0,0,4,4,1,0,1,7,5,4,10,8,2,2,2,4,2,4,4,4,3,4,1,2,6,12,18,12,1,2,2,2,3,3,5,5,2,1,1,2,3,14,6,11
82,0,3,2,3,0,2,4,4,2,1,1,6,3,7,12,16,0,1,2,1,0,1,4,4,2,0,0,8,5,6,13,4,1,2,2,3,2,2,3,5,3,3,3,6,1,5,10,19,1,2,2,3,3,4,4,4,3,1,1,6,2,4,11,20
83,1,2,2,3,0,0,3,3,1,1,1,6,4,14,21,26,1,2,2,1,0,0,0,4,0,1,3,8,5,10,10,12,1,2,2,4,2,3,3,3,1,1,4,7,5,12,19,11,2,2,2,2,3,4,4,4,1,1,3,6,6,4,8,10
84,3,1,2,3,1,0,2,4,0,0,3,3,5,13,19,25,2,1,2,2,0,0,3,3,0,0,0,8,4,10,11,11,2,2,2,2,1,2,3,5,0,3,3,5,8,13,17,23,2,2,2,4,1,4,4,6,0,0,3,3,1,20,14,14
85,1,1,4,3,3,0,2,4,2,2,1,3,6,16,17,17,1,1,2,2,0,0,1,4,0,1,1,5,4,9,8,9,2,2,4,2,2,2,3,5,4,2,3,3,6,17,10,15,2,2,2,4,3,4,4,5,2,2,2,3,3,12,13,11
86,1,1,1,1,0,1,2,4,0,1,5,4,9,10,16,27,1,1,1,2,0,0,2,3,1,0,8,7,6,2,8,13,2,2,4,4,1,2,3,4,1,2,5,6,1,11,16,26,2,2,2,2,1,4,4,5,1,1,5,4,0,7,13,20
87,2,1,2,2,0,1,2,4,0,3,1,1,5,12,20,24,2,1,2,2,0,0,2,3,1,1,1,7,4,9,10,10,2,2,4,4,2,2,3,2,0,4,1,7,5,15,18,23,2,2,2,3,2,4,4,3,0,4,1,1,4,11,10,14
88,1,1,1,1,1,1,3,4,2,1,4,7,5,9,7,23,1,1,3,3,0,0,3,4,1,0,0,6,3,8,1,12,2,2,4,4,1,3,4,4,3,1,3,7,1,6,7,22,2,2,2,2,3,2,4,5,2,1,4,7,2,2,10,20
89,1,1,2,3,0,0,2,4,2,2,1,2,4,16,15,18,1,1,2,2,0,0,2,4,1,2,0,7,3,12,6,15,2,2,2,4,2,1,4,5,3,3,4,7,4,18,8,25,1,2,2,2,3,3,4,4,3,3,1,2,5,12,10,18
90,1,3,1,3,1,0,1,4,2,1,1,1,11,16,18,23,1,1,1,2,0,0,2,4,0,0,2,6,6,10,8,9,1,2,3,4,2,4,4,5,1,4,1,1,10,14,18,21,2,2,2,2,3,4,4,4,2,1,1,1,5,7,11,18
91,1,1,1,3,1,0,4,1,1,1,1,7,3,18,2,12,1,1,1,2,0,0,4,4,0,0,1,7,3,5,5,8,1,2,3,4,1,2,4,4,2,3,1,5,6,15,13,22,2,2,2,2,3,4,5,5,2,3,1,7,6,4,9,9
92,1,4,1,3,1,1,2,3,3,1,0,4,4,8,16,13,1,3,1,2,0,0,2,4,1,0,0,3,4,10,6,6,2,2,3,4,2,1,3,3,2,1,2,7,5,16,13,19,2,2,2,4,3,4,5,4,2,1,0,4,6,1,8,14
93,1,1,2,3,0,0,1,4,1,2,2,6,9,6,13,19,1,1,2,2,0,0,0,4,1,2,1,7,6,5,7,9,2,2,3,4,1,2,3,4,1,3,6,7,5,7,20,10,2,2,3,4,2,4,4,5,1,3,2,6,6,11,8,11
94,1,2,1,3,1,2,2,3,3,5,5,1,3,6,15,32,1,2,1,1,0,1,1,3,2,1,1,5,7,9,5,17,1,2,3,3,1,4,4,4,3,5,5,4,1,10,12,29,2,2,2,3,2,5,3,5,3,5,5,1,6,13,10,13
95,1,3,3,3,1,1,2,4,1,3,1,2,3,8,16,16,1,1,3,2,0,0,4,4,0,3,0,8,3,3,7,11,1,2,4,2,1,3,3,4,3,4,6,3,5,5,9,9,2,2,2,4,3,4,4,5,3,3,1,2,6,6,11,20
96,0,3,2,2,0,1,1,4,1,2,1,2,3,7,10,17,1,1,2,2,0,0,0,4,0,0,2,2,2,6,3,12,1,2,2,3,0,2,4,3,3,2,5,7,5,4,7,26,1,2,2,3,0,3,5,5,1,2,1,2,6,10,5,16
97,1,2,2,3,2,0,3,3,1,1,2,4,4,17,11,17,1,1,2,1,1,0,3,4,0,0,3,7,4,12,5,9,2,2,2,3,1,2,4,3,1,3,2,3,4,18,10,27,2,2,2,3,2,2,5,4,1,1,2,4,3,12,7,8
98,1,1,1,3,0,0,1,2,1,0,1,1,6,10,3,24,1,1,3,1,0,0,0,3,0,0,0,6,5,6,6,10,1,2,4,3,1,3,4,5,3,2,3,1,2,8,6,21,1,2,2,3,3,3,5,6,2,0,1,1,1,14,11,15
99,1,2,1,2,0,2,3,3,0,1,1,3,3,5,21,16,1,1,1,2,0,0,5,3,0,1,0,1,2,6,15,5,1,2,3,4,2,0,0,5,2,5,2,3,2,7,12,19,2,2,2,3,3,5,6,5,0,1,2,3,5,10,18,11
100,1,3,2,2,0,1,3,4,3,0,0,2,4,14,4,15,1,1,2,1,0,0,0,5,1,0,1,5,1,8,4,14,0,2,3,3,1,2,4,4,3,1,4,2,3,13,8,25,1,2,3,3,3,4,5,5,3,1,1,2,4,0,8,18
Accuracy @hop 0,10,0,0,0,60,49,1,0,41,22,19,5,2,0,0,0,2,0,0,0,95,95,40,0,66,66,36,0,3,1,0,0,13,0,0,0,16,3,1,0,11,3,6,1,3,0,1,0,1,0,1,0,3,0,0,0,20,18,15,5,4,1,0,0
Average Hop Error,1.01,1.69,1.84,2.67,0.44,0.61,2.22,3.57,0.86,1.35,1.46,2.97,4.39,10.63,15.22,17.02,1.08,1.21,2.03,1.97,0.05,0.05,1.52,3.73,0.38,0.4,1.31,6.46,3.3,6.75,7.7,9.91,1.35,2.09,3.09,3.63,1.25,2.37,3.38,4.23,1.84,2.77,3.04,4.61,4.67,10.7,13.57,17.82,1.77,2.05,2.05,2.66,2.53,3.51,4.24,4.66,1.34,1.59,1.64,2.92,4.31,8.99,10.45,15.05
Accuracy @hops 0-1,93,55,39,19,97,90,23,2,79,66,62,24,12,1,0,0,90,82,25,29,100,100,51,0,96,95,71,1,20,4,3,0,52,0,1,1,61,16,4,0,46,25,20,7,13,3,1,0,22,0,1,0,11,1,0,0,64,55,52,25,14,2,2,0
